Workbook

Sheet Master Route
A1: 2027 카미노 프란세스 자전거 루트 · 지도/고도 프로파일 마스터 데이터
S2: 총 거리 (km) | T2: =SUM(I4:I17) -> 808.5
A3: 일차 | B3: 시작지(한글) | C3: 시작지(스페인어) | D3: 중간 구간 1 | E3: 중간 구간 2 | F3: 중간 구간 3 | G3: 도착지(한글) | H3: 도착지(스페인어) | I3: 거리 (km) | J3: 획득고도 (m) | K3: 누적거리 (km) | L3: 남은거리 (km) | M3: 지도 X (%) | N3: 고도 X (%) | O3: 원번호 색상 | P3: 휴식일 | Q3: 비고 | S3: 총 획득고도 (m) | T3: =SUM(J4:J17) -> 8500
A4: 1 | B4: 생장 | C4: Saint-Jean-Pied-de-Port | D4: 오리손 (Orisson) | E4: 론세스바예스 (Roncesvalles) | G4: 수비리 | H4: Zubiri | I4: 48 | J4: 1350 | K4: =I4 -> 48 | L4: =$T$2-K4 -> 760.5 | M4: =100 -> 100 | N4: =M4 -> 100 | O4: #0B6E3A | P4: 아니오 | Q4: 피레네 산맥 통과 | S4: 라이딩 일수 | T4: =COUNTIF(P4:P17,"아니오") -> 12
A5: 2 | B5: 수비리 | C5: Zubiri | D5: 팜풀로나 (Pamplona) | E5: 푸엔테 라 레이나 (Puente la Reina) | G5: 에스떼야 | H5: Estella | I5: 65.9 | J5: 800 | K5: =K4+I5 -> 113.9 | L5: =$T$2-K5 -> 694.6 | M5: =100-(K4/$T$2*100) -> 94.06308 | N5: =M5 -> 94.06308 | O5: #138A50 | P5: 아니오 | S5: 평균 일일 거리 | T5: =T2/T4 -> 67.375
A6: 3 | B6: 에스떼야 | C6: Estella | D6: 로스 아르꼬스 (Los Arcos) | E6: 로그로뇨 (Logroño) | G6: 나베레테 | H6: Navarrete | I6: 61.3 | J6: 700 | K6: =K5+I6 -> 175.2 | L6: =$T$2-K6 -> 633.3 | M6: =100-(K5/$T$2*100) -> 85.912183 | N6: =M6 -> 85.912183 | O6: #0F6B9D | P6: 아니오
A7: 4 | B7: 나베레테 | C7: Navarrete | D7: 나헤라 (Nájera) | E7: 산토 도밍고 데 라 깔사다 (Santo Domingo de la Calzada) | G7: 벨로라도 | H7: Belorado | I7: 59.3 | J7: 850 | K7: =K6+I7 -> 234.5 | L7: =$T$2-K7 -> 574 | M7: =100-(K6/$T$2*100) -> 78.330241 | N7: =M7 -> 78.330241 | O7: #154A8A | P7: 아니오
A8: 5 | B8: 벨로라도 | C8: Belorado | D8: 산 후안 데 오르떼가 (San Juan de Ortega) | E8: 부르고스 (Burgos) | F8: 오르니요스 델 까미노 (Hornillos del Camino) | G8: 키스트로헤리스 | H8: Castrojeriz | I8: 96.5 | J8: 350 | K8: =K7+I8 -> 331 | L8: =$T$2-K8 -> 477.5 | M8: =100-(K7/$T$2*100) -> 70.995671 | N8: =M8 -> 70.995671 | O8: #F06A00 | P8: 아니오 | Q8: 최장 구간
A9: 6 | B9: 키스트로헤리스 | C9: Castrojeriz | D9: 프로미스따 (Frómista) | E9: 까리온 데 로스 꼰데스 (Carrión de los Condes) | F9: 깔사디야 데 라 쿠에사 (Calzadilla de la Cueza) | G9: 사아군 | H9: Sahagún | I9: 83.5 | J9: 450 | K9: =K8+I9 -> 414.5 | L9: =$T$2-K9 -> 394 | M9: =100-(K8/$T$2*100) -> 59.059988 | N9: =M9 -> 59.059988 | O9: #F28C00 | P9: 아니오
A10: 7 | B10: 사아군 | C10: Sahagún | D10: 엘 부르고 라네로 (El Burgo Ranero) | E10: 만시야 데 라스 물라스 (Mansilla de las Mulas) | G10: 레온 | H10: León | I10: 68 | J10: 250 | K10: =K9+I10 -> 482.5 | L10: =$T$2-K10 -> 326 | M10: =100-(K9/$T$2*100) -> 48.73222 | N10: =M10 -> 48.73222 | O10: #D7191C | P10: 아니오
A11: 8 | B11: 레온 | C11: León | G11: 레온 | H11: León | I11: 0 | J11: 0 | K11: =K10+I11 -> 482.5 | L11: =$T$2-K11 -> 326 | M11: =100-(K10/$T$2*100) -> 40.321583 | N11: =M11 -> 40.321583 | O11: #E31A1C | P11: 예 | Q11: 휴식일 — 위치와 고도 변화 없음
A12: 9 | B12: 레온 | C12: León | D12: 산 마르틴 델 까미노 (San Martín del Camino) | E12: 아스토르가 (Astorga) | G12: 라바날 델 까미노 | H12: Rabanal del Camino | I12: 74 | J12: 250 | K12: =K11+I12 -> 556.5 | L12: =$T$2-K12 -> 252 | M12: =100-(K11/$T$2*100) -> 40.321583 | N12: =M12 -> 40.321583 | O12: #B2185B | P12: 아니오
A13: 10 | B13: 라바날 델 까미노 | C13: Rabanal del Camino | D13: 몰리나세까 (Molinaseca) | E13: 폰페라다 (Ponferrada) | F13: 까까벨로스 (Cacabelos) | G13: 베가 데 발까르세 | H13: Vega de Valcarce | I13: 75.5 | J13: 1050 | K13: =K12+I13 -> 632 | L13: =$T$2-K13 -> 176.5 | M13: =100-(K12/$T$2*100) -> 31.168831 | N13: =M13 -> 31.168831 | O13: #6A1B7B | P13: 아니오 | Q13: Cruz de Ferro 통과
A14: 11 | B14: 베가 데 발까르세 | C14: Vega de Valcarce | D14: 오 세브레이로 (O Cebreiro) | E14: 뜨리아까스떼야 (Triacastela) | G14: 사리아 | H14: Sarria | I14: 60 | J14: 1250 | K14: =K13+I14 -> 692 | L14: =$T$2-K14 -> 116.5 | M14: =100-(K13/$T$2*100) -> 21.83055 | N14: =M14 -> 21.83055 | O14: #183A7A | P14: 아니오 | Q14: O Cebreiro 통과
A15: 12 | B15: 사리아 | C15: Sarria | D15: 뽀르또마린 (Portomarín) | E15: 빨라스 데 레이 (Palas de Rei) | F15: 메리데 (Melide) | G15: 아르수아 | H15: Arzúa | I15: 76.5 | J15: 900 | K15: =K14+I15 -> 768.5 | L15: =$T$2-K15 -> 40 | M15: =100-(K14/$T$2*100) -> 14.4094 | N15: =M15 -> 14.4094 | O15: #1F58B5 | P15: 아니오
A16: 13 | B16: 아르수아 | C16: Arzúa | D16: 뻬드로우소 (O Pedrouzo) | G16: 산티아고 대성당 | H16: Santiago de Compostela | I16: 40 | J16: 300 | K16: =K15+I16 -> 808.5 | L16: =$T$2-K16 -> 0 | M16: =100-(K15/$T$2*100) -> 4.9474335 | N16: =M16 -> 4.9474335 | O16: #0B6E3A | P16: 아니오 | Q16: 완주
A20: 일차 | B20: 시작지(한글) | C20: 거리 (km) | D20: 누적거리 (km)
A21: 14 | B21: 카미노 대성당 | C21: 40 | D21: 808.5
A22: 13 | B22: 아르수아 | C22: 76.5 | D22: 768.5
A23: 12 | B23: 사리아 | C23: 60 | D23: 692
A24: 11 | B24: 베가 데 발까르세 | C24: 75.5 | D24: 632
A25: 10 | B25: 라바날 델 까미노 | C25: 74 | D25: 556.5
A26: 9 | B26: 레온 | C26: 0 | D26: 482.5
A27: 8 | B27: 레온 | C27: 68 | D27: 482.5
A28: 7 | B28: 사아군 | C28: 83.5 | D28: 414.5
A29: 6 | B29: 키스트로헤리스 | C29: 96.5 | D29: 331
A30: 5 | B30: 벨로라도 | C30: 59.3 | D30: 234.5
A31: 4 | B31: 나베레테 | C31: 61.3 | D31: 175.2
A32: 3 | B32: 에스떼야 | C32: 65.9 | D32: 113.9
... A34: 1 | B34: 생장 | C34: 0 | D34: 0

Sheet Chart Coordinates
A1: 지도·고도 프로파일 공통 좌표표 (오른쪽 출발 → 왼쪽 도착)
A4: 원번호 | B4: 시작지(한글) | C4: 시작지(스페인어) | D4: 당일거리 (km) | E4: 시작 누적거리 (km) | F4: 종료 누적거리 (km) | G4: 남은거리 (km) | H4: X 좌표 (%) | I4: 색상 | J4: 표시 규칙
A6: ='Master Route'!A4 -> 1 | B6: ='Master Route'!B4 -> 생장 | C6: ='Master Route'!C4 -> Saint-Jean-Pied-de-Port | D6: ='Master Route'!I4 -> 48 | E6: 0 | F6: ='Master Route'!K4 -> 48 | G6: ='Master Route'!L4 -> 760.5 | H6: ='Master Route'!M4 -> 100 | I6: ='Master Route'!O4 -> #0B6E3A | J6: =IF(A6=8,"7번과 같은 X좌표·같은 고도","원번호·누적거리·시작지 수직 정렬") -> 원번호·누적거리·시작지 수직 정렬
A7: ='Master Route'!A5 -> 2 | B7: ='Master Route'!B5 -> 수비리 | C7: ='Master Route'!C5 -> Zubiri | D7: ='Master Route'!I5 -> 65.9 | E7: ='Master Route'!K4 -> 48 | F7: ='Master Route'!K5 -> 113.9 | G7: ='Master Route'!L5 -> 694.6 | H7: ='Master Route'!M5 -> 94.06308 | I7: ='Master Route'!O5 -> #138A50 | J7: =IF(A7=8,"7번과 같은 X좌표·같은 고도","원번호·누적거리·시작지 수직 정렬") -> 원번호·누적거리·시작지 수직 정렬
A8: ='Master Route'!A6 -> 3 | B8: ='Master Route'!B6 -> 에스떼야 | C8: ='Master Route'!C6 -> Estella | D8: ='Master Route'!I6 -> 61.3 | E8: ='Master Route'!K5 -> 113.9 | F8: ='Master Route'!K6 -> 175.2 | G8: ='Master Route'!L6 -> 633.3 | H8: ='Master Route'!M6 -> 85.912183 | I8: ='Master Route'!O6 -> #0F6B9D | J8: =IF(A8=8,"7번과 같은 X좌표·같은 고도","원번호·누적거리·시작지 수직 정렬") -> 원번호·누적거리·시작지 수직 정렬
A9: ='Master Route'!A7 -> 4 | B9: ='Master Route'!B7 -> 나베레테 | C9: ='Master Route'!C7 -> Navarrete | D9: ='Master Route'!I7 -> 59.3 | E9: ='Master Route'!K6 -> 175.2 | F9: ='Master Route'!K7 -> 234.5 | G9: ='Master Route'!L7 -> 574 | H9: ='Master Route'!M7 -> 78.330241 | I9: ='Master Route'!O7 -> #154A8A | J9: =IF(A9=8,"7번과 같은 X좌표·같은 고도","원번호·누적거리·시작지 수직 정렬") -> 원번호·누적거리·시작지 수직 정렬
A10: ='Master Route'!A8 -> 5 | B10: ='Master Route'!B8 -> 벨로라도 | C10: ='Master Route'!C8 -> Belorado | D10: ='Master Route'!I8 -> 96.5 | E10: ='Master Route'!K7 -> 234.5 | F10: ='Master Route'!K8 -> 331 | G10: ='Master Route'!L8 -> 477.5 | H10: ='Master Route'!M8 -> 70.995671 | I10: ='Master Route'!O8 -> #F06A00 | J10: =IF(A10=8,"7번과 같은 X좌표·같은 고도","원번호·누적거리·시작지 수직 정렬") -> 원번호·누적거리·시작지 수직 정렬
A11: ='Master Route'!A9 -> 6 | B11: ='Master Route'!B9 -> 키스트로헤리스 | C11: ='Master Route'!C9 -> Castrojeriz | D11: ='Master Route'!I9 -> 83.5 | E11: ='Master Route'!K8 -> 331 | F11: ='Master Route'!K9 -> 414.5 | G11: ='Master Route'!L9 -> 394 | H11: ='Master Route'!M9 -> 59.059988 | I11: ='Master Route'!O9 -> #F28C00 | J11: =IF(A11=8,"7번과 같은 X좌표·같은 고도","원번호·누적거리·시작지 수직 정렬") -> 원번호·누적거리·시작지 수직 정렬
A12: ='Master Route'!A10 -> 7 | B12: ='Master Route'!B10 -> 사아군 | C12: ='Master Route'!C10 -> Sahagún | D12: ='Master Route'!I10 -> 68 | E12: ='Master Route'!K9 -> 414.5 | F12: ='Master Route'!K10 -> 482.5 | G12: ='Master Route'!L10 -> 326 | H12: ='Master Route'!M10 -> 48.73222 | I12: ='Master Route'!O10 -> #D7191C | J12: =IF(A12=8,"7번과 같은 X좌표·같은 고도","원번호·누적거리·시작지 수직 정렬") -> 원번호·누적거리·시작지 수직 정렬
A13: ='Master Route'!A11 -> 8 | B13: ='Master Route'!B11 -> 레온 | C13: ='Master Route'!C11 -> León | D13: ='Master Route'!I11 -> 0 | E13: ='Master Route'!K10 -> 482.5 | F13: ='Master Route'!K11 -> 482.5 | G13: ='Master Route'!L11 -> 326 | H13: ='Master Route'!M11 -> 40.321583 | I13: ='Master Route'!O11 -> #E31A1C | J13: =IF(A13=8,"7번과 같은 X좌표·같은 고도","원번호·누적거리·시작지 수직 정렬") -> 7번과 같은 X좌표·같은 고도
A14: ='Master Route'!A12 -> 9 | B14: ='Master Route'!B12 -> 레온 | C14: ='Master Route'!C12 -> León | D14: ='Master Route'!I12 -> 74 | E14: ='Master Route'!K11 -> 482.5 | F14: ='Master Route'!K12 -> 556.5 | G14: ='Master Route'!L12 -> 252 | H14: ='Master Route'!M12 -> 40.321583 | I14: ='Master Route'!O12 -> #B2185B | J14: =IF(A14=8,"7번과 같은 X좌표·같은 고도","원번호·누적거리·시작지 수직 정렬") -> 원번호·누적거리·시작지 수직 정렬
A15: ='Master Route'!A13 -> 10 | B15: ='Master Route'!B13 -> 라바날 델 까미노 | C15: ='Master Route'!C13 -> Rabanal del Camino | D15: ='Master Route'!I13 -> 75.5 | E15: ='Master Route'!K12 -> 556.5 | F15: ='Master Route'!K13 -> 632 | G15: ='Master Route'!L13 -> 176.5 | H15: ='Master Route'!M13 -> 31.168831 | I15: ='Master Route'!O13 -> #6A1B7B | J15: =IF(A15=8,"7번과 같은 X좌표·같은 고도","원번호·누적거리·시작지 수직 정렬") -> 원번호·누적거리·시작지 수직 정렬
A16: ='Master Route'!A14 -> 11 | B16: ='Master Route'!B14 -> 베가 데 발까르세 | C16: ='Master Route'!C14 -> Vega de Valcarce | D16: ='Master Route'!I14 -> 60 | E16: ='Master Route'!K13 -> 632 | F16: ='Master Route'!K14 -> 692 | G16: ='Master Route'!L14 -> 116.5 | H16: ='Master Route'!M14 -> 21.83055 | I16: ='Master Route'!O14 -> #183A7A | J16: =IF(A16=8,"7번과 같은 X좌표·같은 고도","원번호·누적거리·시작지 수직 정렬") -> 원번호·누적거리·시작지 수직 정렬
A17: ='Master Route'!A15 -> 12 | B17: ='Master Route'!B15 -> 사리아 | C17: ='Master Route'!C15 -> Sarria | D17: ='Master Route'!I15 -> 76.5 | E17: ='Master Route'!K14 -> 692 | F17: ='Master Route'!K15 -> 768.5 | G17: ='Master Route'!L15 -> 40 | H17: ='Master Route'!M15 -> 14.4094 | I17: ='Master Route'!O15 -> #1F58B5 | J17: =IF(A17=8,"7번과 같은 X좌표·같은 고도","원번호·누적거리·시작지 수직 정렬") -> 원번호·누적거리·시작지 수직 정렬
A18: FINISH | B18: 산티아고 대성당 | C18: Santiago de Compostela | D18: 0 | E18: ='Master Route'!T2 -> 808.5 | F18: ='Master Route'!T2 -> 808.5 | G18: 0 | H18: 0 | I18: #C00000 | J18: 맨 왼쪽 종점

Sheet Legend
A1: 사용 규칙
A3: 항목 | B3: 규칙
A4: 진행 방향 | B4: 오른쪽 Saint-Jean-Pied-de-Port → 왼쪽 Santiago de Compostela
A5: 원번호 위치 | B5: 각 일차의 시작지점에 표시
A6: 7·8번 | B6: 둘 다 León이며 8일차는 휴식일이므로 같은 X좌표와 같은 고도
A7: 누적거리 | B7: 도표의 종료 누적거리이며 수식으로 자동 계산
A8: 지도 X / 고도 X | B8: 동일한 공식을 사용하여 두 그래프의 수직선이 일치
A9: FINISH | B9: 산티아고는 맨 왼쪽 X=0%
